run_index,trial_id,repeat_id,velocity_ratio,acceleration_ratio,blend_ratio,time_s,position_error_mm,energy_proxy,smoothness_index
0,47,2,25,77,73,22.257061386108397,2.3475983834293945,7.989172184543609,0.7621756770412548
1,2,1,35,56,11,9.049259090423584,2.3475983834293945,2.527458063955307,0.8422945666313998
2,45,0,92,65,48,7.311031246185303,2.319266616410973,7.732512197527886,0.8427933574800819
3,51,0,34,54,98,9.305826568603516,2.319266616410973,2.4325430650329594,0.8831744193894546
4,49,2,87,98,51,5.261154079437256,2.3475983834293945,6.508573711671829,0.6801557064651015
5,69,1,74,93,35,6.046886825561524,2.3475983834293945,5.926251433391571,0.746138725671537
6,27,1,53,28,78,13.927254819869995,2.3775723595775387,4.458114267840386,0.9033934389166995
7,8,2,84,52,16,8.782237672805786,2.3475983834293945,7.384105435295105,0.840737945330171
8,66,0,95,96,49,5.578941488265992,2.3475983834293945,7.605770930953027,0.7016123702643242
9,23,1,65,39,72,11.08632984161377,2.3775723595775387,5.527089742536545,0.8804108544674808
10,6,2,62,43,13,9.898955011367798,2.3475983834293945,4.720316697170735,0.8599508924371554
11,34,2,45,31,59,13.34869065284729,2.3775723595775387,3.344514443070889,0.8988579152675849
12,12,1,84,42,34,9.782697343826294,2.3775723595775387,7.765505151529312,0.8626380624265835
13,62,1,33,84,89,8.069173002243042,2.3475983834293945,3.7255371751356128,0.8324613645404432
14,16,2,49,26,64,15.092808389663697,2.319266616410973,4.133920217928886,0.9137796087132544
15,27,0,53,28,78,14.01094355583191,2.319266616410973,4.484903032221794,0.8971916872327509
16,26,2,97,87,95,6.373807334899903,2.3775723595775387,8.409282707300187,0.7380291807100848
17,25,0,76,24,69,16.005525493621825,2.3475983834293945,9.705750659332274,0.9033921993412373
18,8,0,84,52,16,8.761411094665528,2.3475983834293945,7.366594448394775,0.86085380110214
19,39,2,40,66,82,7.795013809204102,2.3475983834293945,2.94495621711731,0.8558989145068098
20,52,1,89,73,93,6.798574590682984,2.3775723595775387,7.196631132967472,0.796235942443383
21,33,2,77,57,76,7.781635189056397,2.3475983834293945,5.877858140053749,0.8112884146987083
22,38,0,70,26,67,14.915740633010865,2.4091272493247007,7.812864943571091,0.8929772897792062
23,54,0,60,37,38,11.353577995300293,2.4091272493247007,4.864440492086411,0.8847257811177751
24,35,2,71,45,7,9.86616816520691,2.3475983834293945,5.972484898808003,0.851311443543458
25,56,2,22,71,15,13.915425443649292,2.3475983834293945,4.18088957454443,0.8965272148251816
26,66,1,95,96,49,5.766064071655274,2.255172903697948,7.860875148887636,0.705062970661881
27,8,1,84,52,16,8.824517154693604,2.4091272493247007,7.419654023666381,0.8271931902970865
28,32,2,64,23,13,17.009033107757567,2.3475983834293945,7.416788886637687,0.9103502849178592
29,52,0,89,73,93,6.780178689956665,2.3775723595775387,7.177158152253628,0.816237612498645
30,17,0,21,55,96,15.941199207305909,2.3475983834293945,3.114113265147209,0.90976769016651
31,57,0,94,86,84,6.307202243804932,2.3775723595775387,7.905447292385102,0.7578766339357362
32,52,2,89,73,93,6.709553384780884,2.3473347552371777,7.102397735459804,0.8128759008761492
33,12,2,84,42,34,9.845018529891968,2.3475983834293945,7.814975709028244,0.8565102765732286
34,63,1,24,60,87,12.980949544906617,2.3775723595775387,3.084273611869812,0.8903690195498148
35,18,0,79,34,5,11.847002410888672,2.4091272493247007,8.078470943984986,0.8863944601667225
36,3,0,58,89,60,6.271991634368897,2.3775723595775387,4.593920272593499,0.7827711716377918
37,39,1,40,66,82,7.768581533432007,2.3475983834293945,2.9349701033306124,0.8479885415742576
38,51,2,34,54,98,9.072684907913208,2.3475983834293945,2.371599834928513,0.8689258872109167
39,69,2,74,93,35,5.754486703872681,2.244732858416631,5.6396846941304215,0.742447418745503
40,49,1,87,98,51,5.29952564239502,2.2278297503656215,6.55604317220688,0.7236277006637846
41,1,1,43,71,80,7.534374618530274,2.3775723595775387,3.292144989566803,0.8345994115033841
42,15,1,85,70,58,6.768955135345459,2.4091272493247007,6.548964093446732,0.8299672684025005
43,11,0,73,67,75,7.28550090789795,2.4091272493247007,5.517674112596512,0.8101636250580995
44,1,0,43,71,80,7.532295608520508,2.3775723595775387,3.291236566143036,0.8341860374160582
45,9,2,68,59,22,7.786100769042969,2.3475983834293945,4.955463834457397,0.8255184276567693
46,67,0,51,94,54,6.276716613769532,2.4091272493247007,4.405627391204835,0.7869317689328066
47,28,2,29,50,30,10.867452764511109,2.3475983834293945,2.272384373059273,0.8881804857257801
48,49,0,87,98,51,5.4721673965454105,2.17860534621469,6.7696182862663274,0.7185575585786697
49,2,2,35,56,11,9.3241201877594,2.3475983834293945,2.6042267684412,0.8664144898367734
50,26,1,97,87,95,6.270738983154297,2.3475983834293945,8.273299477424622,0.7557625175303092
51,29,1,30,62,65,9.318021202087403,2.3475983834293945,2.629545583229065,0.8609343612995033
52,22,1,46,100,29,5.737997913360596,2.383665357016521,4.0831593151474,0.738508355098429
53,31,1,81,60,2,7.784207963943482,2.3475983834293945,6.508376278653145,0.839015984466991
54,65,2,39,35,90,11.886468076705933,2.4091272493247007,2.5359779641652107,0.8834233108747466
55,40,1,48,22,40,17.38832583427429,2.3775723595775387,4.427067757406234,0.9175302655332594
56,9,0,68,59,22,7.7949518203735355,2.319266616410973,4.9610970860767365,0.8213088770479482
57,44,0,62,97,41,5.737108612060547,2.2278297503656215,4.9043672970199585,0.7503756800878459
58,31,2,81,60,2,8.013289833068848,2.3475983834293945,6.699911629428865,0.8340999724846753
59,18,2,79,34,5,11.925753974914551,2.4091272493247007,8.132171635494233,0.882935135953507
60,61,1,31,63,46,9.282686853408814,2.3475983834293945,2.734215412671566,0.8687792165219731
61,50,2,32,40,26,11.332506084442139,2.3475983834293945,2.0670491098022463,0.8769644923241025
62,61,0,31,63,46,9.224481010437012,2.3475983834293945,2.7170708816242217,0.8716404299589512
63,41,0,54,91,79,6.28243317604065,2.3775723595775387,4.433198970673085,0.7238090805209906
64,0,2,68,21,92,18.009534740447997,2.3475983834293945,8.724719105010031,0.9030986767598108
65,10,2,88,76,18,6.303882741928101,2.4091272493247007,6.702288131217957,0.8071320264405563
66,22,2,46,100,29,5.986249828338623,2.383665357016521,4.259815377845764,0.7571639299610289
67,37,1,56,92,9,6.234365844726563,2.3775723595775387,4.593480754394531,0.7740219159571967
68,32,0,64,23,13,17.145009899139403,2.4091272493247007,7.476081566519737,0.9123804743709726
69,18,1,79,34,5,11.853218698501587,2.4091272493247007,8.082709830508232,0.8979977970621921
70,22,0,46,100,29,5.736776971817017,2.2278297503656215,4.082290493144989,0.7821661975691971
71,17,1,21,55,96,15.727166080474854,2.3475983834293945,3.0723018938207627,0.9066293080832066
72,9,1,68,59,22,7.837973499298096,2.3475983834293945,4.988478233628273,0.8083790847784488
73,56,1,22,71,15,13.89145793914795,2.3775723595775387,4.173688537817002,0.9034688245956218
74,4,0,76,78,19,6.218682909011841,2.3775723595775387,5.483634589166642,0.7854603219600359
75,40,0,48,22,40,17.49015893936157,2.3475983834293945,4.4529944659614555,0.9184792483227774
76,42,0,50,85,46,6.27791657447815,2.4091272493247007,3.8373765061497687,0.7878406953442046
77,0,0,68,21,92,18.45842924118042,2.4091272493247007,8.942186045889853,0.9231407709301408
78,67,2,51,94,54,6.009123468399048,2.4091272493247007,4.217803762469292,0.7722621874992266
79,29,2,30,62,65,9.37686505317688,2.4091272493247007,2.6461513180065155,0.8839357776338558
80,20,2,92,81,1,6.272830390930176,2.4091272493247007,7.367125652627945,0.793029395735423
81,68,2,97,47,57,9.31690754890442,2.4091272493247007,9.795330751540662,0.8680651114184469
82,28,0,29,50,30,10.882827663421631,2.4091272493247007,2.275599264421463,0.8875451660900393
83,13,0,47,82,83,6.71365966796875,2.4091272493247007,3.740179801025391,0.7948887845619048
84,36,0,42,29,99,13.924237155914307,2.4091272493247007,3.0417496067094802,0.8964631948599755
85,43,1,60,69,66,7.300898933410645,2.4091272493247007,4.3663026071262365,0.7874399271190162
86,57,1,94,86,84,6.281112337112427,2.4091272493247007,7.872746203336717,0.767262633555164
87,65,0,39,35,90,11.900443935394287,2.4091272493247007,2.5389597136163715,0.8963056566772245
88,4,1,76,78,19,6.264001274108887,2.4091272493247007,5.523596323509217,0.8089987871757521
89,55,0,98,45,26,9.836477661132813,2.3775723595775387,10.44289650894165,0.8842780935968442
90,35,1,71,45,7,9.807698631286621,2.4091272493247007,5.937090366449357,0.8579030112948811
91,66,2,95,96,49,5.750742816925049,2.2677723527791067,7.83998768231392,0.7179154032229589
92,30,2,91,50,37,8.815815114974976,2.4091272493247007,8.40235338608265,0.8668826160426646
93,1,2,43,71,80,7.25530686378479,2.3775723595775387,3.1702063341307642,0.8485530658717412
94,28,1,29,50,30,10.625344896316529,2.4091272493247007,2.221759617819786,0.8897158855481726
95,19,2,38,80,24,7.292822027206421,2.4091272493247007,3.3867865494346616,0.8414796759098406
96,16,0,49,26,64,14.955879354476929,2.4091272493247007,4.096415355191231,0.9178340648790421
97,61,2,31,63,46,9.287557744979859,2.319266616410973,2.7356501337838175,0.8760226203928932
98,41,1,54,91,79,6.0044268608093265,2.2677723527791067,4.237023814330102,0.7474560613218074
99,46,0,36,75,4,7.855963134765625,2.4091272493247007,3.2276224539184573,0.8482978668263564
100,43,2,60,69,66,7.049276733398438,2.4091272493247007,4.215819950408936,0.803785622853443
101,48,1,27,64,88,10.601900005340577,2.4091272493247007,2.944147631483078,0.8827314367883417
102,50,1,32,40,26,11.172660732269287,2.3775723595775387,2.0378933175659184,0.8840707253107849
103,58,0,55,53,62,8.610546255111695,2.4091272493247007,3.8140414637017255,0.8685250485662331
104,59,1,99,94,8,6.011820697784424,2.4091272493247007,8.548207850179672,0.7417163241909157
105,38,1,70,26,67,14.983920240402222,2.4091272493247007,7.848577421922683,0.9143431248004031
106,59,0,99,94,8,5.741557979583741,2.223566836102935,8.163921291170121,0.721634436532148
107,48,2,27,64,88,10.325197124481202,2.3775723595775387,2.8673072414684295,0.8929436518502022
108,27,2,53,28,78,14.023267650604248,2.4091272493247007,4.48884797495842,0.9016057086389794
109,15,0,85,70,58,7.040476942062378,2.4091272493247007,6.8116614414453505,0.8046494301811098
110,34,1,45,31,59,13.388005638122559,2.4091272493247007,3.3543648126316077,0.910093639780914
111,30,0,91,50,37,9.075475358963013,2.4091272493247007,8.649835564627649,0.8840266315252697
112,44,1,62,97,41,5.563061857223511,2.319266616410973,4.755583428647518,0.7425860845871893
113,6,0,62,43,13,10.05789270401001,2.4091272493247007,4.7961061359071735,0.8893726229834661
114,48,0,27,64,88,10.578279638290406,2.3475983834293945,2.9375882555532455,0.8891870615031194
115,26,0,97,87,95,6.256934547424317,2.4091272493247007,8.255086595144272,0.7682449952020469
116,29,0,30,62,65,9.296276712417603,2.4091272493247007,2.6234092882442472,0.8650860522574546
117,42,2,50,85,46,6.294654750823975,2.4091272493247007,3.8476077164411544,0.7781624979509552
118,62,2,33,84,89,8.296464586257935,2.4091272493247007,3.8304776994752885,0.841083040502627
119,24,0,57,38,33,11.344223165512085,2.4091272493247007,4.504791019024849,0.8919290928178947
120,67,1,51,94,54,5.742754364013672,2.3475983834293945,4.0308392881011965,0.7473078829775365
121,37,0,56,92,9,6.286304140090943,2.2960240077837697,4.631748890419007,0.6954023478392863
122,30,1,91,50,37,8.804174327850342,2.3647527284598246,8.391258551874161,0.8651676478356156
123,33,1,77,57,76,7.921734714508057,2.3545388233328297,5.983682316603661,0.7068067958216999
124,24,1,57,38,33,11.370186710357666,2.3647527284598246,4.515101142683029,0.8974009426050841
125,42,1,50,85,46,6.243772411346436,2.308490888792767,3.816505886435509,0.7887042875510619
126,7,0,72,30,52,13.628507041931153,2.3647527284598246,7.678300867424012,0.8758583080002427
127,44,2,62,97,41,5.7162281513214115,2.3647527284598246,4.886517635157109,0.7353514282849358
128,31,0,81,60,2,7.765241050720215,2.4335249170156272,6.492518042507172,0.8438071446616615
129,57,2,94,86,84,6.268145227432251,2.3647527284598246,7.8564932280635835,0.7472240985408921
130,21,2,66,48,55,9.30637469291687,2.3647527284598246,5.125951180858612,0.8653393064723794
131,62,0,33,84,89,8.32752742767334,2.3647527284598246,3.8448194133567815,0.8431835534532499
132,33,0,77,57,76,7.7988978862762455,2.2960240077837697,5.890897518398762,0.8320579927785708
133,23,2,65,39,72,10.864845418930054,2.2960240077837697,5.416668683607579,0.8710194400683992
134,55,2,98,45,26,9.588381671905518,2.3647527284598246,10.179505401978494,0.8710411680868049
135,51,1,34,54,98,9.347374820709229,2.3647527284598246,2.4434037781333924,0.8718064095328973
136,41,2,54,91,79,6.246152067184449,2.3647527284598246,4.407597206208706,0.7665223595903389
137,68,0,97,47,57,9.426216983795166,2.3647527284598246,9.91025322591305,0.8658226299486783
138,39,0,40,66,82,7.807480716705323,2.3647527284598246,2.9496662147712707,0.8503227615192429
139,24,2,57,38,33,11.340142154693604,2.3647527284598246,4.50317044962883,0.8809393540652989
140,53,2,42,88,29,6.779891157150269,2.3647527284598246,3.8211466561698915,0.7885519082989059
141,3,1,58,89,60,6.234463834762574,2.4335249170156272,4.566433035771847,0.7655630506841001
142,38,2,70,26,67,15.185357475280762,2.3647527284598246,7.954090245552063,0.8916017241716608
143,50,0,32,40,26,11.37552490234375,2.3647527284598246,2.0748957421875,0.8821094134569717
144,21,0,66,48,55,9.316878700256348,2.3647527284598246,5.131736788101197,0.8471170158814829
145,0,1,68,21,92,18.008216762542723,2.3647527284598246,8.724080610613822,0.9030957486314679
146,14,0,23,76,42,13.371659898757935,2.3647527284598246,4.569096187405586,0.9010640830828975
147,40,2,48,22,40,17.5451416015625,2.2960240077837697,4.466993051757812,0.8994072052613293
148,5,2,83,27,44,14.449369096755982,2.2960240077837697,10.480849874331952,0.9189409450023273
149,63,2,24,60,87,12.905778551101685,2.3647527284598246,3.06641298374176,0.8936028077790229
150,17,2,21,55,96,15.684349203109742,2.3545388233328297,3.063937616827488,0.9124123958717345
151,25,1,76,24,69,15.937093162536621,2.3647527284598246,9.664253293762208,0.9082206602895578
152,55,1,98,45,26,9.790795469284058,2.3647527284598246,10.394398009965421,0.8715216118577599
153,13,1,47,82,83,6.761426115036011,2.3647527284598246,3.7667904886865617,0.7848979019537887
154,23,0,65,39,72,10.67155089378357,2.4335249170156272,5.320301698095799,0.8924378204124658
155,59,2,99,94,8,6.0810047626495365,2.3647527284598246,8.646580672011376,0.7383729276913682
156,43,0,60,69,66,7.262581014633179,2.3647527284598246,4.3433865758013726,0.8111670114722248
157,53,0,42,88,29,6.7455812931060795,2.3647527284598246,3.8018096167945865,0.7928026373677282
158,35,0,71,45,7,9.844510459899903,2.4335249170156272,5.959374406900406,0.8584035972625395
159,65,1,39,35,90,11.854291820526123,2.3647527284598246,2.5291131599092487,0.8573118828845611
160,3,2,58,89,60,6.006350898742676,2.4335249170156272,4.399351715784073,0.7329997643778658
161,47,1,25,77,73,11.841550016403199,2.2960240077837697,4.2505243783879285,0.8896466929845342
162,14,1,23,76,42,13.443482303619385,2.3647527284598246,4.593637903146744,0.8925834885071038
163,60,0,26,41,21,12.893926048278809,2.2960240077837697,1.9553638852214816,0.8966171698039527
164,53,1,42,88,29,6.787719869613648,2.2960240077837697,3.825558918514252,0.7777866265816461
165,20,1,92,81,1,6.2341724872589115,2.3647527284598246,7.321723877661229,0.7496199997088856
166,19,0,38,80,24,7.291611814498902,2.3647527284598246,3.3862245266532898,0.8181357557736411
167,56,0,22,71,15,14.004261875152588,2.3647527284598246,4.207580480389596,0.8939219641218792
168,7,2,72,30,52,13.895668172836304,2.2960240077837697,7.828819448575974,0.8940637387978998
169,54,2,60,37,38,11.357353115081787,2.2960240077837697,4.866057942156792,0.8795530180672865
170,58,2,55,53,62,8.80919017791748,2.2960240077837697,3.902030789308548,0.8337751777286778
171,5,0,83,27,44,14.685799264907837,2.2960240077837697,10.6523444968009,0.8884429120205352
172,20,0,92,81,1,6.254833841323853,2.3647527284598246,7.345989604942799,0.7868756181945045
173,36,1,42,29,99,13.922289991378785,2.3647527284598246,3.041324248616695,0.9101242227251237
174,45,2,92,65,48,7.665573501586914,2.3647527284598246,8.1074938139534,0.8619994946046451
175,10,1,88,76,18,6.729300403594971,2.3647527284598246,7.154592189102173,0.8119292410629821
176,5,1,83,27,44,14.420870685577393,2.2960240077837697,10.460178551783562,0.9108051500034293
177,14,2,23,76,42,13.673397207260132,2.2706907111029278,4.672199825720788,0.8881728231128146
178,69,0,74,93,35,6.25100793838501,2.3647527284598246,6.126300330014229,0.7296255058622797
179,63,0,24,60,87,12.89807357788086,2.3647527284598246,3.0645822821044924,0.8943559738563689
180,11,1,73,67,75,7.257505321502686,2.3647527284598246,5.496471655240059,0.8255937302022796
181,10,0,88,76,18,6.742664241790772,2.3647527284598246,7.168800621871949,0.7954512615594922
182,19,1,38,80,24,7.258917713165284,2.3647527284598246,3.371041385993957,0.8262406610760905
183,11,2,73,67,75,7.252338790893555,2.2960240077837697,5.492558783283234,0.8130661360681967
184,25,2,76,24,69,15.918767833709717,2.3647527284598246,9.653140814361572,0.8897839542728625
185,60,2,26,41,21,13.15002121925354,2.3647527284598246,1.9942007178997996,0.8901678788649773
186,16,1,49,26,64,14.957306289672852,2.2960240077837697,4.0968061927413935,0.8906230933624738
187,2,0,35,56,11,9.332193756103516,2.2960240077837697,2.606481716079712,0.8687174159538448
188,34,0,45,31,59,13.466614627838135,2.3647527284598246,3.374060295004845,0.897797075499862
189,58,1,55,53,62,8.790861034393311,2.3647527284598246,3.8939118951845173,0.8300094896606229
190,46,1,36,75,4,7.787280702590943,2.3647527284598246,3.199404276659489,0.8253358228265296
191,64,0,80,33,71,12.176380062103272,2.3647527284598246,8.455887134127618,0.9019922841375961
192,13,2,47,82,83,6.941289329528809,2.3647527284598246,3.8669922854804994,0.809082049653642
193,36,2,42,29,99,14.407428407669068,2.3647527284598246,3.1473027356553076,0.9059397584752471
194,7,1,72,30,52,13.445255184173584,2.3647527284598246,7.575056770763398,0.9070102288003746
195,6,1,62,43,13,9.811970853805542,2.2960240077837697,4.678838301637173,0.8582834280706587
196,54,1,60,37,38,11.366148614883423,2.3647527284598246,4.869826374046803,0.8881287323291497
197,21,1,66,48,55,9.353116893768311,2.3647527284598246,5.151696785087586,0.8317264151232292
198,15,2,85,70,58,6.730270528793335,2.3647527284598246,6.511536736607551,0.8086940583232952
199,37,2,56,92,9,6.013596677780152,2.2960240077837697,4.430818032188416,0.7579345928458956
200,46,2,36,75,4,7.763541841506958,2.3647527284598246,3.189651165583134,0.8408283164342014
201,60,1,26,41,21,13.197533750534058,2.3647527284598246,2.0014059932684902,0.8969564514545941
202,4,2,76,78,19,6.276331806182862,2.3647527284598246,5.534469386692048,0.8044503104210176
203,47,0,25,77,73,11.631697082519532,2.2771007872221345,4.175197667770386,0.875240660885681
204,64,2,80,33,71,12.015227460861206,2.3647527284598246,8.343974710195065,0.8925670479220953
205,12,0,84,42,34,9.854241037368775,2.502337307063494,7.822296535463333,0.8863270973101738
206,32,1,64,23,13,17.158180141448973,2.3647527284598246,7.481824450678825,0.9076239804891533
207,64,1,80,33,71,12.137289905548096,2.2960240077837697,8.428740974907875,0.8741817474824457
208,68,1,97,47,57,9.32054581642151,2.3647527284598246,9.799155844094754,0.8411446580084875
209,45,1,92,65,48,7.302164936065674,2.2960240077837697,7.723134744629861,0.7638367092504029
